{
  "roc_auc": 0.8924,
  "f1_macro": 0.2667,
  "f1_weighted": 0.9546,
  "precision_macro": 0.6228,
  "recall_macro": 0.6206,
  "precision_weighted": 0.9544,
  "recall_weighted": 0.9548,
  "n_samples": 1704,
  "per_class": {
    "PD": {
      "precision": 0.9763922518159807,
      "recall": 0.9769836462749849,
      "f1-score": 0.9766878595216469,
      "support": 1651.0
    },
    "PD-plus": {
      "precision": 0.2692307692307692,
      "recall": 0.2641509433962264,
      "f1-score": 0.26666666666666666,
      "support": 53.0
    }
  }
}