{
  "roc_auc": 0.8966,
  "f1_macro": 0.3332,
  "f1_weighted": 0.956,
  "n_samples": 1704,
  "per_class": {
    "PD": {
      "precision": 0.9765625,
      "recall": 0.984251968503937,
      "f1-score": 0.9803921568627451,
      "support": 1651.0
    },
    "PSP": {
      "precision": 0.2,
      "recall": 0.16,
      "f1-score": 0.17777777777777778,
      "support": 25.0
    },
    "MSA": {
      "precision": 0.21428571428571427,
      "recall": 0.1875,
      "f1-score": 0.2,
      "support": 16.0
    },
    "DLB": {
      "precision": 0.5,
      "recall": 0.2222222222222222,
      "f1-score": 0.3076923076923077,
      "support": 9.0
    },
    "CBS": {
      "precision": 0.0,
      "recall": 0.0,
      "f1-score": 0.0,
      "support": 3.0
    }
  }
}