{
  "roc_auc": 0.8699,
  "f1_macro": 0.2519,
  "f1_weighted": 0.9497,
  "n_samples": 1942,
  "per_class": {
    "PD": {
      "precision": 0.9754010695187165,
      "recall": 0.9707291112293773,
      "f1-score": 0.9730594825286744,
      "support": 1879.0
    },
    "PD-plus": {
      "precision": 0.2361111111111111,
      "recall": 0.2698412698412698,
      "f1-score": 0.2518518518518518,
      "support": 63.0
    }
  }
}