{
  "roc_auc": 0.8352,
  "f1_macro": 0.2174,
  "f1_weighted": 0.9467,
  "n_samples": 1942,
  "per_class": {
    "PD": {
      "precision": 0.9742903053026245,
      "recall": 0.968068121341139,
      "f1-score": 0.9711692471970101,
      "support": 1879.0
    },
    "PD-plus": {
      "precision": 0.2,
      "recall": 0.23809523809523808,
      "f1-score": 0.21739130434782608,
      "support": 63.0
    }
  }
}