{
  "roc_auc": 0.9061,
  "f1_macro": 0.2727,
  "f1_weighted": 0.9587,
  "precision_macro": 0.6591,
  "recall_macro": 0.6062,
  "precision_weighted": 0.9558,
  "recall_weighted": 0.9624,
  "n_samples": 1704,
  "per_class": {
    "PD": {
      "precision": 0.975434391851408,
      "recall": 0.9860690490611751,
      "f1-score": 0.980722891566265,
      "support": 1651.0
    },
    "PD-plus": {
      "precision": 0.34285714285714286,
      "recall": 0.22641509433962265,
      "f1-score": 0.2727272727272727,
      "support": 53.0
    }
  }
}