{
  "roc_auc": 0.8986,
  "f1_macro": 0.3838,
  "f1_weighted": 0.963,
  "n_samples": 1704,
  "per_class": {
    "PD": {
      "precision": 0.9794933655006032,
      "recall": 0.9836462749848577,
      "f1-score": 0.981565427621638,
      "support": 1651.0
    },
    "PD-plus": {
      "precision": 0.41304347826086957,
      "recall": 0.3584905660377358,
      "f1-score": 0.3838383838383838,
      "support": 53.0
    }
  }
}