{
  "roc_auc": 0.8828,
  "f1_macro": 0.2555,
  "f1_weighted": 0.9579,
  "n_samples": 1704,
  "per_class": {
    "PD": {
      "precision": 0.9722550177095631,
      "recall": 0.9975772259236826,
      "f1-score": 0.9847533632286996,
      "support": 1651.0
    },
    "PSP": {
      "precision": 0.42857142857142855,
      "recall": 0.12,
      "f1-score": 0.1875,
      "support": 25.0
    },
    "MSA": {
      "precision": 0.3333333333333333,
      "recall": 0.0625,
      "f1-score": 0.10526315789473684,
      "support": 16.0
    },
    "DLB": {
      "precision": 0.0,
      "recall": 0.0,
      "f1-score": 0.0,
      "support": 9.0
    },
    "CBS": {
      "precision": 0.0,
      "recall": 0.0,
      "f1-score": 0.0,
      "support": 3.0
    }
  }
}