{
  "roc_auc": 0.866,
  "f1_macro": 0.2281,
  "f1_weighted": 0.9532,
  "n_samples": 1942,
  "per_class": {
    "PD": {
      "precision": 0.9689601655457838,
      "recall": 0.9968068121341139,
      "f1-score": 0.9826862539349422,
      "support": 1879.0
    },
    "PSP": {
      "precision": 0.375,
      "recall": 0.1,
      "f1-score": 0.15789473684210525,
      "support": 30.0
    },
    "MSA": {
      "precision": 0.0,
      "recall": 0.0,
      "f1-score": 0.0,
      "support": 21.0
    },
    "DLB": {
      "precision": 0.0,
      "recall": 0.0,
      "f1-score": 0.0,
      "support": 9.0
    },
    "CBS": {
      "precision": 0.0,
      "recall": 0.0,
      "f1-score": 0.0,
      "support": 3.0
    }
  }
}