{
  "roc_auc": 0.8998,
  "f1_macro": 0.2436,
  "f1_weighted": 0.9561,
  "precision_macro": 0.3276,
  "recall_macro": 0.2279,
  "precision_weighted": 0.9489,
  "recall_weighted": 0.9677,
  "n_samples": 1704,
  "per_class": {
    "PD": {
      "precision": 0.9710914454277286,
      "recall": 0.9969715324046032,
      "f1-score": 0.9838613269575612,
      "support": 1651.0
    },
    "PSP": {
      "precision": 0.3333333333333333,
      "recall": 0.08,
      "f1-score": 0.12903225806451613,
      "support": 25.0
    },
    "MSA": {
      "precision": 0.3333333333333333,
      "recall": 0.0625,
      "f1-score": 0.10526315789473684,
      "support": 16.0
    },
    "DLB": {
      "precision": 0.0,
      "recall": 0.0,
      "f1-score": 0.0,
      "support": 9.0
    },
    "CBS": {
      "precision": 0.0,
      "recall": 0.0,
      "f1-score": 0.0,
      "support": 3.0
    }
  }
}