{
  "roc_auc": 0.8905,
  "f1_macro": 0.2466,
  "f1_weighted": 0.9606,
  "precision_macro": 0.7119,
  "recall_macro": 0.5816,
  "precision_weighted": 0.9576,
  "recall_weighted": 0.9677,
  "n_samples": 1704,
  "per_class": {
    "PD": {
      "precision": 0.9738717339667459,
      "recall": 0.9933373712901272,
      "f1-score": 0.9835082458770614,
      "support": 1651.0
    },
    "PD-plus": {
      "precision": 0.45,
      "recall": 0.16981132075471697,
      "f1-score": 0.2465753424657534,
      "support": 53.0
    }
  }
}