{
  "roc_auc": 0.9016,
  "f1_macro": 0.2597,
  "f1_weighted": 0.9604,
  "n_samples": 1704,
  "per_class": {
    "PD": {
      "precision": 0.9744047619047619,
      "recall": 0.9915202907328892,
      "f1-score": 0.9828880216151306,
      "support": 1651.0
    },
    "PD-plus": {
      "precision": 0.4166666666666667,
      "recall": 0.18867924528301888,
      "f1-score": 0.2597402597402597,
      "support": 53.0
    }
  }
}