{
  "roc_auc": 0.8422,
  "f1_macro": 0.2683,
  "f1_weighted": 0.9389,
  "n_samples": 1942,
  "per_class": {
    "PD": {
      "precision": 0.9735421166306696,
      "recall": 0.9595529536987759,
      "f1-score": 0.9664969177164299,
      "support": 1879.0
    },
    "PSP": {
      "precision": 0.11363636363636363,
      "recall": 0.16666666666666666,
      "f1-score": 0.13513513513513514,
      "support": 30.0
    },
    "MSA": {
      "precision": 0.07317073170731707,
      "recall": 0.14285714285714285,
      "f1-score": 0.0967741935483871,
      "support": 21.0
    },
    "DLB": {
      "precision": 0.2,
      "recall": 0.1111111111111111,
      "f1-score": 0.14285714285714285,
      "support": 9.0
    },
    "CBS": {
      "precision": 0.0,
      "recall": 0.0,
      "f1-score": 0.0,
      "support": 3.0
    }
  }
}