{
  "roc_auc": 0.8637,
  "f1_macro": 0.2624,
  "f1_weighted": 0.9447,
  "n_samples": 1942,
  "per_class": {
    "PD": {
      "precision": 0.9753218884120172,
      "recall": 0.9675359233634913,
      "f1-score": 0.9714133048356933,
      "support": 1879.0
    },
    "PSP": {
      "precision": 0.21052631578947367,
      "recall": 0.26666666666666666,
      "f1-score": 0.23529411764705882,
      "support": 30.0
    },
    "MSA": {
      "precision": 0.08333333333333333,
      "recall": 0.14285714285714285,
      "f1-score": 0.10526315789473684,
      "support": 21.0
    },
    "DLB": {
      "precision": 0.0,
      "recall": 0.0,
      "f1-score": 0.0,
      "support": 9.0
    },
    "CBS": {
      "precision": 0.0,
      "recall": 0.0,
      "f1-score": 0.0,
      "support": 3.0
    }
  }
}