{
  "roc_auc": 0.8614,
  "f1_macro": 0.3365,
  "f1_weighted": 0.9563,
  "n_samples": 1704,
  "per_class": {
    "PD": {
      "precision": 0.9776704888352444,
      "recall": 0.9812235009085403,
      "f1-score": 0.9794437726723095,
      "support": 1651.0
    },
    "PSP": {
      "precision": 0.2727272727272727,
      "recall": 0.24,
      "f1-score": 0.2553191489361702,
      "support": 25.0
    },
    "MSA": {
      "precision": 0.2777777777777778,
      "recall": 0.3125,
      "f1-score": 0.29411764705882354,
      "support": 16.0
    },
    "DLB": {
      "precision": 0.25,
      "recall": 0.1111111111111111,
      "f1-score": 0.15384615384615385,
      "support": 9.0
    },
    "CBS": {
      "precision": 0.0,
      "recall": 0.0,
      "f1-score": 0.0,
      "support": 3.0
    }
  }
}