{
  "roc_auc": 0.8821,
  "f1_macro": 0.3367,
  "f1_weighted": 0.9569,
  "precision_macro": 0.409,
  "recall_macro": 0.317,
  "precision_weighted": 0.9559,
  "recall_weighted": 0.9595,
  "n_samples": 1704,
  "per_class": {
    "PD": {
      "precision": 0.9765484064942874,
      "recall": 0.9836462749848577,
      "f1-score": 0.9800844900422451,
      "support": 1651.0
    },
    "PSP": {
      "precision": 0.3333333333333333,
      "recall": 0.24,
      "f1-score": 0.27906976744186046,
      "support": 25.0
    },
    "MSA": {
      "precision": 0.23529411764705882,
      "recall": 0.25,
      "f1-score": 0.24242424242424243,
      "support": 16.0
    },
    "DLB": {
      "precision": 0.5,
      "recall": 0.1111111111111111,
      "f1-score": 0.18181818181818182,
      "support": 9.0
    },
    "CBS": {
      "precision": 0.0,
      "recall": 0.0,
      "f1-score": 0.0,
      "support": 3.0
    }
  }
}