{
  "roc_auc": 0.8989,
  "f1_macro": 0.2523,
  "f1_weighted": 0.9524,
  "precision_macro": 0.6088,
  "recall_macro": 0.6188,
  "precision_weighted": 0.9534,
  "recall_weighted": 0.9513,
  "n_samples": 1704,
  "per_class": {
    "PD": {
      "precision": 0.9763061968408262,
      "recall": 0.9733494851605088,
      "f1-score": 0.9748255990294207,
      "support": 1651.0
    },
    "PD-plus": {
      "precision": 0.2413793103448276,
      "recall": 0.2641509433962264,
      "f1-score": 0.25225225225225223,
      "support": 53.0
    }
  }
}