{
  "roc_auc": 0.9046,
  "f1_macro": 0.3679,
  "f1_weighted": 0.9583,
  "n_samples": 1704,
  "per_class": {
    "PD": {
      "precision": 0.9783132530120482,
      "recall": 0.9836462749848577,
      "f1-score": 0.9809725158562368,
      "support": 1651.0
    },
    "PSP": {
      "precision": 0.25,
      "recall": 0.2,
      "f1-score": 0.2222222222222222,
      "support": 25.0
    },
    "MSA": {
      "precision": 0.29411764705882354,
      "recall": 0.3125,
      "f1-score": 0.30303030303030304,
      "support": 16.0
    },
    "DLB": {
      "precision": 0.6666666666666666,
      "recall": 0.2222222222222222,
      "f1-score": 0.3333333333333333,
      "support": 9.0
    },
    "CBS": {
      "precision": 0.0,
      "recall": 0.0,
      "f1-score": 0.0,
      "support": 3.0
    }
  }
}