{
  "roc_auc": 0.8995,
  "f1_macro": 0.3637,
  "f1_weighted": 0.9586,
  "n_samples": 1704,
  "per_class": {
    "PD": {
      "precision": 0.9783263094521373,
      "recall": 0.984251968503937,
      "f1-score": 0.981280193236715,
      "support": 1651.0
    },
    "PSP": {
      "precision": 0.3125,
      "recall": 0.2,
      "f1-score": 0.24390243902439024,
      "support": 25.0
    },
    "MSA": {
      "precision": 0.2631578947368421,
      "recall": 0.3125,
      "f1-score": 0.2857142857142857,
      "support": 16.0
    },
    "DLB": {
      "precision": 0.5,
      "recall": 0.2222222222222222,
      "f1-score": 0.3076923076923077,
      "support": 9.0
    },
    "CBS": {
      "precision": 0.0,
      "recall": 0.0,
      "f1-score": 0.0,
      "support": 3.0
    }
  }
}