{
  "roc_auc": 0.8938,
  "f1_macro": 0.2694,
  "f1_weighted": 0.9515,
  "n_samples": 1942,
  "per_class": {
    "PD": {
      "precision": 0.9746300211416491,
      "recall": 0.981373070782331,
      "f1-score": 0.9779899230973217,
      "support": 1879.0
    },
    "PSP": {
      "precision": 0.26666666666666666,
      "recall": 0.26666666666666666,
      "f1-score": 0.26666666666666666,
      "support": 30.0
    },
    "MSA": {
      "precision": 0.1111111111111111,
      "recall": 0.09523809523809523,
      "f1-score": 0.10256410256410256,
      "support": 21.0
    },
    "DLB": {
      "precision": 0.0,
      "recall": 0.0,
      "f1-score": 0.0,
      "support": 9.0
    },
    "CBS": {
      "precision": 0.0,
      "recall": 0.0,
      "f1-score": 0.0,
      "support": 3.0
    }
  }
}