{
  "roc_auc": 0.8988,
  "f1_macro": 0.1846,
  "f1_weighted": 0.9593,
  "n_samples": 1704,
  "per_class": {
    "PD": {
      "precision": 0.9722222222222222,
      "recall": 0.9963658388855239,
      "f1-score": 0.9841459766676638,
      "support": 1651.0
    },
    "PD-plus": {
      "precision": 0.5,
      "recall": 0.11320754716981132,
      "f1-score": 0.18461538461538463,
      "support": 53.0
    }
  }
}