{
  "roc_auc": 0.8366,
  "f1_macro": 0.1463,
  "f1_weighted": 0.9545,
  "n_samples": 1942,
  "per_class": {
    "PD": {
      "precision": 0.9703588143525741,
      "recall": 0.99308142629058,
      "f1-score": 0.9815886375591794,
      "support": 1879.0
    },
    "PD-plus": {
      "precision": 0.3157894736842105,
      "recall": 0.09523809523809523,
      "f1-score": 0.14634146341463414,
      "support": 63.0
    }
  }
}