{
  "roc_auc": 0.9039,
  "f1_macro": 0.2059,
  "f1_weighted": 0.9596,
  "precision_macro": 0.7197,
  "recall_macro": 0.5636,
  "precision_weighted": 0.957,
  "recall_weighted": 0.9683,
  "n_samples": 1704,
  "per_class": {
    "PD": {
      "precision": 0.9727649496743636,
      "recall": 0.9951544518473653,
      "f1-score": 0.9838323353293413,
      "support": 1651.0
    },
    "PD-plus": {
      "precision": 0.4666666666666667,
      "recall": 0.1320754716981132,
      "f1-score": 0.20588235294117646,
      "support": 53.0
    }
  }
}