{
  "roc_auc": 0.8789,
  "f1_macro": 0.15,
  "f1_weighted": 0.9551,
  "n_samples": 1942,
  "per_class": {
    "PD": {
      "precision": 0.9703896103896104,
      "recall": 0.9941458222458754,
      "f1-score": 0.982124079915878,
      "support": 1879.0
    },
    "PD-plus": {
      "precision": 0.35294117647058826,
      "recall": 0.09523809523809523,
      "f1-score": 0.15,
      "support": 63.0
    }
  }
}