{
  "roc_auc": 0.921,
  "f1_macro": 0.2881,
  "f1_weighted": 0.9605,
  "n_samples": 1704,
  "per_class": {
    "PD": {
      "precision": 0.9745562130177515,
      "recall": 0.9975772259236826,
      "f1-score": 0.9859323555821611,
      "support": 1651.0
    },
    "PSP": {
      "precision": 0.375,
      "recall": 0.12,
      "f1-score": 0.18181818181818182,
      "support": 25.0
    },
    "MSA": {
      "precision": 0.5,
      "recall": 0.1875,
      "f1-score": 0.2727272727272727,
      "support": 16.0
    },
    "DLB": {
      "precision": 0.0,
      "recall": 0.0,
      "f1-score": 0.0,
      "support": 9.0
    },
    "CBS": {
      "precision": 0.0,
      "recall": 0.0,
      "f1-score": 0.0,
      "support": 3.0
    }
  }
}