{
  "roc_auc": 0.8869,
  "f1_macro": 0.236,
  "f1_weighted": 0.9544,
  "n_samples": 1942,
  "per_class": {
    "PD": {
      "precision": 0.9699948266942576,
      "recall": 0.9978712080894092,
      "f1-score": 0.9837355718782791,
      "support": 1879.0
    },
    "PSP": {
      "precision": 0.25,
      "recall": 0.06666666666666667,
      "f1-score": 0.10526315789473684,
      "support": 30.0
    },
    "MSA": {
      "precision": 1.0,
      "recall": 0.047619047619047616,
      "f1-score": 0.09090909090909091,
      "support": 21.0
    },
    "DLB": {
      "precision": 0.0,
      "recall": 0.0,
      "f1-score": 0.0,
      "support": 9.0
    },
    "CBS": {
      "precision": 0.0,
      "recall": 0.0,
      "f1-score": 0.0,
      "support": 3.0
    }
  }
}