{
  "roc_auc": 0.8799,
  "f1_macro": 0.2427,
  "f1_weighted": 0.9547,
  "n_samples": 1942,
  "per_class": {
    "PD": {
      "precision": 0.970954356846473,
      "recall": 0.9962746141564662,
      "f1-score": 0.983451536643026,
      "support": 1879.0
    },
    "PSP": {
      "precision": 0.3,
      "recall": 0.1,
      "f1-score": 0.15,
      "support": 30.0
    },
    "MSA": {
      "precision": 0.25,
      "recall": 0.047619047619047616,
      "f1-score": 0.08,
      "support": 21.0
    },
    "DLB": {
      "precision": 0.0,
      "recall": 0.0,
      "f1-score": 0.0,
      "support": 9.0
    },
    "CBS": {
      "precision": 0.0,
      "recall": 0.0,
      "f1-score": 0.0,
      "support": 3.0
    }
  }
}