{
  "roc_auc": 0.9133,
  "f1_macro": 0.2657,
  "f1_weighted": 0.9581,
  "n_samples": 1704,
  "per_class": {
    "PD": {
      "precision": 0.9716981132075472,
      "recall": 0.9981829194427619,
      "f1-score": 0.9847624738571855,
      "support": 1651.0
    },
    "PSP": {
      "precision": 0.4,
      "recall": 0.08,
      "f1-score": 0.13333333333333333,
      "support": 25.0
    },
    "MSA": {
      "precision": 0.6666666666666666,
      "recall": 0.125,
      "f1-score": 0.21052631578947367,
      "support": 16.0
    },
    "DLB": {
      "precision": 0.0,
      "recall": 0.0,
      "f1-score": 0.0,
      "support": 9.0
    },
    "CBS": {
      "precision": 0.0,
      "recall": 0.0,
      "f1-score": 0.0,
      "support": 3.0
    }
  }
}