{
  "roc_auc": 0.8629,
  "f1_macro": 0.3477,
  "f1_weighted": 0.9565,
  "n_samples": 1704,
  "per_class": {
    "PD": {
      "precision": 0.9794188861985472,
      "recall": 0.9800121138703816,
      "f1-score": 0.9797154102331214,
      "support": 1651.0
    },
    "PSP": {
      "precision": 0.25925925925925924,
      "recall": 0.28,
      "f1-score": 0.2692307692307692,
      "support": 25.0
    },
    "MSA": {
      "precision": 0.17647058823529413,
      "recall": 0.1875,
      "f1-score": 0.18181818181818182,
      "support": 16.0
    },
    "DLB": {
      "precision": 0.5,
      "recall": 0.2222222222222222,
      "f1-score": 0.3076923076923077,
      "support": 9.0
    },
    "CBS": {
      "precision": 0.0,
      "recall": 0.0,
      "f1-score": 0.0,
      "support": 3.0
    }
  }
}