{
  "roc_auc": 0.9169,
  "f1_macro": 0.2571,
  "f1_weighted": 0.9618,
  "n_samples": 1704,
  "per_class": {
    "PD": {
      "precision": 0.973918197984588,
      "recall": 0.9951544518473653,
      "f1-score": 0.9844218094667465,
      "support": 1651.0
    },
    "PD-plus": {
      "precision": 0.5294117647058824,
      "recall": 0.16981132075471697,
      "f1-score": 0.2571428571428571,
      "support": 53.0
    }
  }
}