{
  "roc_auc": 0.8935,
  "f1_macro": 0.2927,
  "f1_weighted": 0.9623,
  "n_samples": 1942,
  "per_class": {
    "PD": {
      "precision": 0.9734789391575663,
      "recall": 0.9962746141564662,
      "f1-score": 0.9847448711204629,
      "support": 1879.0
    },
    "PD-plus": {
      "precision": 0.631578947368421,
      "recall": 0.19047619047619047,
      "f1-score": 0.2926829268292683,
      "support": 63.0
    }
  }
}