{
  "roc_auc": 0.9178,
  "f1_macro": 0.2535,
  "f1_weighted": 0.9614,
  "n_samples": 1704,
  "per_class": {
    "PD": {
      "precision": 0.9739027283511269,
      "recall": 0.9945487583282859,
      "f1-score": 0.9841174707821396,
      "support": 1651.0
    },
    "PD-plus": {
      "precision": 0.5,
      "recall": 0.16981132075471697,
      "f1-score": 0.2535211267605634,
      "support": 53.0
    }
  }
}