{
  "roc_auc": 0.9043,
  "f1_macro": 0.2308,
  "f1_weighted": 0.9598,
  "n_samples": 1942,
  "per_class": {
    "PD": {
      "precision": 0.9719771665801764,
      "recall": 0.9968068121341139,
      "f1-score": 0.9842354177614293,
      "support": 1879.0
    },
    "PD-plus": {
      "precision": 0.6,
      "recall": 0.14285714285714285,
      "f1-score": 0.23076923076923078,
      "support": 63.0
    }
  }
}