{
  "roc_auc": 0.9078,
  "f1_macro": 0.2857,
  "f1_weighted": 0.9558,
  "n_samples": 1704,
  "per_class": {
    "PD": {
      "precision": 0.9769975786924939,
      "recall": 0.9775893397940641,
      "f1-score": 0.9772933696639419,
      "support": 1651.0
    },
    "PD-plus": {
      "precision": 0.28846153846153844,
      "recall": 0.2830188679245283,
      "f1-score": 0.2857142857142857,
      "support": 53.0
    }
  }
}