{
  "roc_auc": 0.9247,
  "f1_macro": 0.3137,
  "f1_weighted": 0.9581,
  "n_samples": 1704,
  "per_class": {
    "PD": {
      "precision": 0.9776435045317221,
      "recall": 0.9800121138703816,
      "f1-score": 0.9788263762855415,
      "support": 1651.0
    },
    "PD-plus": {
      "precision": 0.32653061224489793,
      "recall": 0.3018867924528302,
      "f1-score": 0.3137254901960784,
      "support": 53.0
    }
  }
}