{
  "roc_auc": 0.9047,
  "f1_macro": 0.1918,
  "f1_weighted": 0.9577,
  "precision_macro": 0.6613,
  "recall_macro": 0.5621,
  "precision_weighted": 0.9533,
  "recall_weighted": 0.9654,
  "n_samples": 1704,
  "per_class": {
    "PD": {
      "precision": 0.9726840855106889,
      "recall": 0.9921259842519685,
      "f1-score": 0.9823088455772114,
      "support": 1651.0
    },
    "PD-plus": {
      "precision": 0.35,
      "recall": 0.1320754716981132,
      "f1-score": 0.1917808219178082,
      "support": 53.0
    }
  }
}