{
  "roc_auc": 0.9226,
  "f1_macro": 0.3333,
  "f1_weighted": 0.9617,
  "precision_macro": 0.6913,
  "recall_macro": 0.6348,
  "precision_weighted": 0.9594,
  "recall_weighted": 0.9648,
  "n_samples": 1704,
  "per_class": {
    "PD": {
      "precision": 0.9772045590881824,
      "recall": 0.9866747425802543,
      "f1-score": 0.9819168173598554,
      "support": 1651.0
    },
    "PD-plus": {
      "precision": 0.40540540540540543,
      "recall": 0.2830188679245283,
      "f1-score": 0.3333333333333333,
      "support": 53.0
    }
  }
}