{
  "roc_auc": 0.8907,
  "f1_macro": 0.2812,
  "f1_weighted": 0.953,
  "n_samples": 1942,
  "per_class": {
    "PD": {
      "precision": 0.9760255727224294,
      "recall": 0.9749866950505588,
      "f1-score": 0.9755058572949947,
      "support": 1879.0
    },
    "PD-plus": {
      "precision": 0.27692307692307694,
      "recall": 0.2857142857142857,
      "f1-score": 0.28125,
      "support": 63.0
    }
  }
}