{
  "roc_auc": 0.9143,
  "f1_macro": 0.2979,
  "f1_weighted": 0.9589,
  "n_samples": 1704,
  "per_class": {
    "PD": {
      "precision": 0.9765484064942874,
      "recall": 0.9836462749848577,
      "f1-score": 0.9800844900422451,
      "support": 1651.0
    },
    "PD-plus": {
      "precision": 0.34146341463414637,
      "recall": 0.2641509433962264,
      "f1-score": 0.2978723404255319,
      "support": 53.0
    }
  }
}