{
  "roc_auc": 0.8819,
  "f1_macro": 0.2645,
  "f1_weighted": 0.9533,
  "n_samples": 1942,
  "per_class": {
    "PD": {
      "precision": 0.9750530785562632,
      "recall": 0.9776476849387973,
      "f1-score": 0.9763486579856497,
      "support": 1879.0
    },
    "PD-plus": {
      "precision": 0.27586206896551724,
      "recall": 0.25396825396825395,
      "f1-score": 0.2644628099173554,
      "support": 63.0
    }
  }
}